
[
    { "id":"1", "title":"자바스크립트",      "content":"자바스크립트를 잘 배우는 방법", "comment":"" },
    { "id":"2", "title":"리액트 프로그래밍", "content":"리액트란 무었인가?",            "comment":"" },
    { "id":"3", "title":"스프링부트",        "content":"스프링부트로 프로젝트 만들기",  "comment":"" },
    { "id":"4", "title":"자바정복",          
        "content":"객체지향 프로그래밍 Lorem ipsum dolor, sit amet consectetur adipisicing elit. Cupiditate eos dolorem reiciendis, molestiae laudantium libero, incidunt deserunt minus nam dolore odio? Accusamus error itaque, inventore in dolorem quasi velit at ut neque eligendi a esse? Dolor consectetur amet itaque cupiditate autem, ad labore earum maxime voluptates error recusandae sed officia?",          
        "comment":"" }
]


